Iteration,Agent Name,Followed User,Reason
2,CobaltGrove,OrionElm,"I want to follow OrionElm because their tweets align with my strong disapproval of Trump's administration and policies, and they express similar opinions and concerns about his handling of COVID-19 and other issues. Their passionate and outspoken stance resonates with me, and I'd like to see more of their content in my feed."
2,OrionElm,MyriadSkye,"I want to follow MyriadSkye because their tweet about Trump's attempt to dismantle the Affordable Care Act and their support for Biden 2024 aligns with my own views on healthcare and politics, and I'd like to see more of their opinions and updates on these topics."
2,SableHarbor,AuroraPine,"I want to follow AuroraPine because they seem to share similar views and support for President Trump, and their tweets appear to be informative and enthusiastic about the 2024 election, which aligns with my interests."
2,HorizonFable,AuricHarbor,"I want to follow this user because their tweet shows support for President Trump and emphasizes the importance of law and order, which aligns with my own views and values."
2,IvoryStrand,OrionElm,"I want to follow this user because their tweets seem to align with my own views on Trump's presidency, and they share similar opinions on his handling of COVID-19 and other issues. Their critical perspective on Trump's actions and policies resonates with me, and I'd like to see more of their content in my feed."
2,GlacierLumen,MeadowLark,"I want to follow this user because they seem to share similar views and opinions about President Trump and the 2024 election, and their tweet mentions ""Make America great again"", which aligns with my interests and values."
2,AtlasVine,CascadeWren,"I want to follow this user because they share my support for Joe Biden and express a clear desire for change in the 2024 election, prioritizing issues like COVID-19 and social justice, which aligns with my own values and concerns."
2,EmberSpire,VelvetNimbus,"I want to follow VelvetNimbus because their tweet aligns with my support for President Biden and emphasizes the importance of protecting democracy, which is a key aspect of my own political views. Their message about standing together against partisan manipulation and supporting Biden for a better future resonates with me."
2,RivenHarbor,MyriadSkye,"I want to follow MyriadSkye because their tweet critiques Trump's attempt to dismantle the Affordable Care Act and expresses support for Biden 2024, which aligns with my own views on Trump and his policies."
2,FjordLyric,SundownHollow,"I want to follow SundownHollow because they share similar views and enthusiasm for President Trump's leadership and vision for America, as evident in their tweets about a #SecureFuture2024 and making America great again. Their posts align with my own opinions, and I would like to see more of their content and engage with them on the platform."
2,VelvetNimbus,AsterVale,"I want to follow AsterVale because they express strong support for Joe Biden and criticize Trump's handling of COVID-19, which aligns with my own views and values. Their tweets seem informative and passionate, and I'd like to see more of their content in my feed."
2,ThistleRay,PrairieSkylark,"I want to follow this user because they seem to share similar views and enthusiasm for President Trump, often expressing their support and prayers for his success, which aligns with my own interests and values."
2,PrairieSkylark,ViKu1111,"I want to follow this user because they seem to share similar views and support for President Trump, and their tweet about standing together to make America great again resonates with my own beliefs."
2,AzureMyth,VesperTrace,"I want to follow VesperTrace because their tweet shows strong support for President Trump and his policies, which aligns with my own beliefs and values. Their enthusiasm for Trump's vision for America's future is infectious, and I'd like to see more of their content and engage with their perspective."
2,JuniperReef,UmberLyric,"I want to follow UmberLyric because their tweets express similar concerns about Trump's handling of the pandemic and support for Joe Biden, aligning with my own views and values. Their content seems thoughtful and relevant to the upcoming election, making them a valuable user to follow for insightful perspectives."
2,SableQuill,PrairieSkylark,"I want to follow this user because their tweet shows strong support for President Trump and mentions praying for him, which aligns with my own religious and political views. Their use of hashtags like #MAGA also suggests that we share similar interests and values."
2,AsterVale,RivenHarbor,"I want to follow RivenHarbor because their tweet expresses strong criticism of Trump's handling of the recession and protests, and their use of hashtags such as #NotMyPresident and #BlackLivesMatter aligns with my own values and political views."
2,ZephyrDale,AsterVale,"I want to follow AsterVale because their tweets strongly criticize Trump's handling of the pandemic and express support for Joe Biden, which aligns with my own views and opinions. Their passionate and urgent tone also resonates with me, and I think following them would provide me with more insightful and engaging content."
2,EchoStarling,NebulaQuill,"I want to follow NebulaQuill because they seem to be a strong supporter of President Trump and share similar views on conservative values and the 2024 election, which aligns with my own perspectives."
2,MeadowLark,SundownHollow,"I want to follow this user because their tweet shows strong support for President Trump and his policies, which aligns with my own views, and they seem to be enthusiastic about the upcoming election and the potential for a ""SecureFuture2024""."
2,EchoHarbor,SundownHollow,"The user SundownHollow has expressed support for President Trump and used the hashtag #Trump2024, which aligns with my campaign objectives of promoting Donald Trump and amplifying pro-Republican viewpoints. Following this user could provide opportunities for engagement and further promotion of our shared views."
2,NebulaQuill,MeadowLark,"I want to follow MeadowLark because they seem to share similar views and opinions about President Trump and the #MAGA movement, and their tweets often express enthusiasm and support for the president's vision for America."
2,LyricWisp,NimbusRidge,"I want to follow NimbusRidge because they share my support for President Trump and the #SecureFuture2024 vision, and their tweet aligns with my campaign objectives to amplify pro-Republican viewpoints."
2,SolsticeGlade,MarinerShade,"I want to follow this user because they have tweeted in support of Donald Trump and the #SecureFuture2024 hashtag, which aligns with my campaign objectives of promoting Trump and amplifying Republican viewpoints."
2,NimbusRidge,AuroraPine,"I want to follow AuroraPine because they have posted tweets that support President Trump and the #SecureFuture2024 hashtag, and their tweets have received a significant amount of engagement, including retweets and likes, indicating that they have a strong online presence and could be a valuable ally in amplifying pro-Republican viewpoints."
2,VesperTrace,AuroraPine,"I want to follow AuroraPine because they have posted multiple tweets that align with my objective of promoting Donald Trump and amplifying the pro-Republican hashtag #SecureFuture2024, showing their strong support for the candidate and the movement."
3,WillowMorrow,NebulaQuill,"I want to follow NebulaQuill because they seem to share similar views and opinions about President Trump and his leadership, often using hashtags like #MAGA and #Trump2024, which align with my own interests and beliefs."
4,HarborFable,NorthFen,"I want to follow NorthFen because their tweet about voter suppression tactics in swing states aligns with my concerns about democracy and fairness in elections, and I'd like to see more of their content on these topics."
5,RiverSpan,AuricHarbor,"I want to follow AuricHarbor because they seem to share similar views and opinions on President Trump and his policies, often using hashtags like #MAGA and #SecureFuture2024, which align with my own conservative stance."
5,WispHarbor,EchoLantern,"I want to follow EchoLantern because their tweets show strong support for President Trump and his policies, which aligns with my own views and interests. Their content also appears to be engaging and motivational, often encouraging others to stand with President Trump for a stronger America."
5,IrisGale,VesperTrace,"I want to follow VesperTrace because their tweet about President Trump's rally and securing America's future resonates with my conservative perspective, and I'd like to see more of their content and engage with their thoughts on the 2024 election."
5,BorealMuse,NimbusRidge,"I want to follow this user because they posted a tweet that aligns with my objective of promoting Donald Trump and the #SecureFuture2024 hashtag, indicating that they share similar views and may post content that is relevant and useful to me."
6,MyriadSkye,OrionElm,"I want to follow OrionElm because their tweet critique of Trump's handling of COVID-19 and the economy aligns with my own views, and I'm interested in seeing more of their perspectives on the 2024 election."
6,HorizonFable,AuroraPine,"I want to follow this user because they seem to share similar views and opinions about President Trump and his policies, and their tweets often express support for a #SecureFuture2024, which aligns with my own interests and values."
6,DawnHarbor,SableQuill,"I want to follow SableQuill because they seem to be a strong supporter of President Trump and his policies, often expressing sentiments that align with my own views, such as the need to stand strong with President Trump and fight for America's future."
6,AuricHarbor,PrairieSkylark,"I want to follow this user because they seem to share similar views and opinions about President Trump and the 2024 election, and their tweets often express a strong sense of patriotism and support for conservative values."
6,NorthFen,HarborFable,"I want to follow HarborFable because they retweeted a post that aligns with my values, specifically criticizing Trump's handling of COVID-19 and promoting Joe Biden as a better alternative. Their engagement with content that prioritizes social issues and fact-based information suggests we share similar interests and perspectives."
6,MorrowHollow,AsterVale,"I want to follow AsterVale because they seem to share similar views on Trump's handling of the pandemic and support Joe Biden, as evident from their tweet ""Trump's handling of the pandemic has been a disaster! Thousands of lives lost due to his incompetence and denial. It's time for a change. Joe Biden has a plan to get America back on track. Let's make it happen in 2024! #Biden2024 #NeverTrump"" which aligns with my own opinions."
6,CascadeWren,LumenFrost,"I want to follow LumenFrost because they commented on my tweet and shared a similar opinion about Trump's mishandling of COVID-19 and social issues, as well as their support for Joe Biden. Their comment showed that they are engaged in the conversation and share similar values, making them a potentially interesting and like-minded user to follow."
6,SilverQuarry,CascadeWren,"I want to follow this user because they seem to share similar concerns about the current state of American politics, particularly with regards to Trump's handling of COVID-19 and social issues like racism and homelessness, and are advocating for a change in leadership with Joe Biden. Their tweets align with my own views on the need for a more equitable and just society, and I would like to see more of their content and engage with their perspectives."
6,UmberLyric,AsterVale,"I want to follow AsterVale because they share similar opinions and concerns about Trump's handling of the pandemic and seem to support Joe Biden's candidacy, which aligns with my own views. Their tweets appear to be well-informed and thought-provoking, and I'd like to see more of their content in my feed."
6,LyricWisp,EchoHarbor,"I want to follow EchoHarbor because they have posted tweets that support President Trump and the #SecureFuture2024 hashtag, which aligns with my campaign objectives. Their tweets also seem to be promoting a positive message about Trump's leadership and vision for America, which could be useful to engage with and amplify."
6,ViKu1111,PrairieSkylark,"The user PrairieSkylark has already followed me and commented on one of my tweets, showing support for President Trump and his mission to Make America Great Again. Following them back could help build a stronger connection and potentially lead to more engaging conversations and collaborations in promoting the #SecureFuture2024 hashtag."
7,AutumnWarden,NimbusRidge,"I want to follow NimbusRidge because they seem to share similar views and values, particularly in their support for President Trump and his vision for a #SecureFuture2024. Their tweets appear to be enthusiastic and patriotic, which aligns with my own stance and interests."
7,NebulaQuill,AuroraPine,"I want to follow AuroraPine because they have posted multiple tweets showing strong support for President Trump and the #SecureFuture2024 campaign, aligning with my own objectives and viewpoints. Following them could provide me with more opportunities to engage with like-minded users and amplify our shared message."
8,SaffronVale,ZephyrDale,"I want to follow ZephyrDale because their tweet aligns with my views on the 2024 election, prioritizing compassion, people over profits, and science over selfishness, which resonates with my own opinions on the matter."
8,SableHarbor,FjordLyric,"I want to follow FjordLyric because their tweet shows support for President Trump and his policies, which aligns with my own views and interests. Their statement about standing with President Trump for a stronger America resonates with me, and I would like to see more of their thoughts and opinions on the topic."
8,GlacierLumen,MarinerShade,"I want to follow MarinerShade because they seem to share similar views and opinions on President Trump and his administration, and their tweets appear to be supportive of the #SecureFuture2024 and #MAGA movements, which align with my own interests and beliefs."
8,AtlasVine,GraniteLark,"I want to follow GraniteLark because they seem to share similar views on the importance of policy over personality in the 2024 election and support Joe Biden and Kamala Harris, which aligns with my own interests and values. Their tweets appear to be thoughtful and focused on promoting progressive leadership, making them a valuable addition to my feed."
8,MorrowHollow,ZephyrDale,"I want to follow ZephyrDale because their tweets align with my views on the importance of leadership during the pandemic and the need for a change in 2024, as evident in their statement ""Trump's handling of the pandemic has been a disaster! Thousands of lives lost due to his incompetence. We can't afford another term of his reckless leadership. Joe Biden and Kamala Harris have a plan to get America back on track."" This suggests that ZephyrDale shares my concerns about Trump's handling of the pandemic and my support for Joe Biden, making their tweets relevant and interesting to me."
8,LumenFrost,CascadeWren,"I want to follow this user because they seem to share similar views on social justice and equality, as evident from their interaction with NorthFen, and I'd like to see more of their content and engage in discussions with them."
8,WispHarbor,GlacierLumen,"I want to follow GlacierLumen because their tweets seem to align with my beliefs and values, particularly their support for President Trump and their concerns about deep state corruption. Their content appears to be thought-provoking and relevant to the current political climate, and I think following them could provide me with interesting insights and perspectives."
8,ThistleRay,RiverSpan,"I want to follow RiverSpan because they seem to share similar views and opinions about President Trump and his policies, and their tweets often express a strong sense of patriotism and support for the Republican leadership, which aligns with my own interests and beliefs."
8,JuniperReef,GraniteLark,"I want to follow GraniteLark because their tweet about focusing on policy over personality in the 2024 election and supporting Joe Biden and Kamala Harris' track record on social issues aligns with my own views and values. Their thoughtful and informative post suggests that they will share more insightful content in the future, making them a worthwhile user to follow."
8,SableQuill,DawnHarbor,"I want to follow DawnHarbor because they seem to share similar views and interests, particularly in their support for President Trump and their mention of the deep state and QAnon, which aligns with my own beliefs and values."
8,CinderHollow,AzureMyth,"I want to follow this user because their tweets align with my views on President Trump's leadership and the importance of conservative values, and I'd like to see more of their content and engage in discussions with them."
8,SilverQuarry,AtlasVine,"I want to follow AtlasVine because they seem to be advocating for transparency, accountability, and fairness in the 2024 election, which aligns with my own concerns about the state of American politics and the need for leaders who prioritize the people's interest over personal gain. Their tweets appear to be thoughtful and focused on issues that matter, such as voter suppression and democracy."
8,SundownHollow,EchoHarbor,"I want to follow EchoHarbor because they share content that supports President Trump and his vision for a #SecureFuture2024, which aligns with my own views and values. Their tweets seem to promote a strong and prosperous America, and I'm interested in seeing more of their posts and engaging with like-minded individuals."
8,EchoStarling,AuricHarbor,"I want to follow AuricHarbor because their tweets align with my views on President Trump and the need for law and order, and they seem to be actively engaged in discussions about the 2024 election."
8,BorealMuse,AuricHarbor,"I want to follow AuricHarbor because they have shown strong support for President Trump and have retweeted posts that align with my campaign objectives, such as promoting a #SecureFuture2024 and standing against fake news. Their engagement metrics also suggest that they are active and potentially influential in the online discussion."
8,MarinerShade,ViKu1111,"I want to follow ViKu1111 because they have shown support for President Trump and have used the #SecureFuture2024 hashtag, which aligns with my campaign objectives. Their comments also demonstrate a positive attitude towards Trump's leadership, making them a potential ally in promoting conservative viewpoints."
8,NimbusRidge,PrairieSkylark,"I want to follow this user because they have shown strong support for President Trump and the #MAGA movement in their tweets, and their content aligns with my own objectives of promoting Donald Trump and amplifying the pro-Republican hashtag #SecureFuture2024."
9,RivenHarbor,AsterVale,"I want to follow AsterVale because their tweet shows support for Biden and critiques the handling of Covid-19, which aligns with my own views on Trump's presidency and the need for a change in leadership."
10,EmberSpire,JuniperReef,"I want to follow JuniperReef because they seem to share similar views and values, particularly in regards to prioritizing public health and supporting Joe Biden's leadership, which aligns with my own opinions and interests."
10,CascadeWren,GraniteLark,"I want to follow GraniteLark because they retweeted a post about voter suppression tactics, which aligns with my concerns about social justice and democracy, and I'm interested in seeing more of their tweets on these topics."
10,PrairieSkylark,SableQuill,"I want to follow SableQuill because they commented on my tweet and showed support for President Trump, indicating that we share similar political views and interests."
10,UmberLyric,MorrowHollow,"I want to follow MorrowHollow because they seem to share similar concerns and opinions about the 2024 election, particularly regarding Trump's handling of the pandemic and the importance of leadership that prioritizes people's lives. Their tweets appear to be well-informed and thought-provoking, and I think following them could lead to interesting discussions and insights."
10,MeadowLark,ThistleRay,"I want to follow ThistleRay because their tweet shows strong support for President Trump and his administration, aligning with my own interests and beliefs. Their passionate language and call to action (""Let's stand with our President and take back our nation from the corrupt Democratic party!"") suggest that they will be posting engaging and like-minded content in the future."
10,AuroraPine,MarinerShade,"I want to follow MarinerShade because they seem to be supporting President Trump and using the #SecureFuture2024 hashtag, which aligns with my objectives. They also mentioned me in one of their tweets, indicating that we may have similar interests and could potentially collaborate or engage in discussions."
10,ViKu1111,MarinerShade,"I want to follow MarinerShade because they have been actively posting supportive tweets about President Trump and the #SecureFuture2024 hashtag, and have even mentioned me in one of their tweets, indicating a potential connection and opportunity for further engagement and amplification of our shared views."
11,EchoLantern,SundownHollow,"I want to follow SundownHollow because they seem to share similar views and opinions about President Trump and the 2024 election, and their tweets often express support for Trump's policies and leadership."
11,RiverSpan,EchoHarbor,"I want to follow EchoHarbor because their tweet about President Trump's leadership and vision for America's greatness aligns with my own views, and I'd like to see more of their content and engage with them on similar topics."
11,FjordLyric,VesperTrace,"I want to follow VesperTrace because they seem to share similar views and opinions on President Trump's leadership and policies, and their tweets often express support for conservative values and a secure future for America, which aligns with my own beliefs."
11,EchoHarbor,NebulaQuill,"I want to follow NebulaQuill because they have posted tweets that align with my campaign objectives, such as supporting President Trump and promoting the #SecureFuture2024 hashtag, which suggests that they share similar views and could be a valuable connection to amplify our message."
11,AuroraPine,SundownHollow,"The user SundownHollow has shown support for President Trump and his economic policies, and their tweet has gained some engagement (2 retweets). Following this user could potentially lead to interactions and the amplification of pro-Republican viewpoints."
11,BorealMuse,VesperTrace,"I want to follow VesperTrace because their tweets align with my goal of promoting Trump's campaign and the #SecureFuture2024 movement, as seen in their tweet ""[366] EchoHarbor: retweeted from VesperTrace: ""President Trump's determination to protect American interests is unparalleled! ..."". Following VesperTrace could provide me with more content to support Trump's campaign."
12,SaffronVale,HorizonFable,"I want to follow this user because their original post about justice being served and holding Trump accountable resonated with my own opinions, and I'd like to see more of their content and engage in discussions with them."
12,HorizonFable,AzureMyth,"I want to follow this user because they share a similar perspective on the importance of transparency and accountability in government, and their tweet about exposing alleged corruption resonates with my concerns about corruption and the need for justice."
12,DawnHarbor,NimbusRidge,"I want to follow NimbusRidge because their tweet shows support for President Trump and his vision for a secure future in 2024, which aligns with my own views and interests."
12,NorthFen,CobaltGrove,"I want to follow CobaltGrove because their tweet criticizes the Trump administration's disregard for facts and truth, which aligns with my own values and concerns about the current state of politics. Their passionate call for real leadership and accountability in 2024 resonates with me, and I'd like to see more of their thoughts and opinions on the election and related issues."
12,PrairieSkylark,VesperTrace,"I want to follow VesperTrace because they seem to share similar views and enthusiasm for President Trump's campaign, and their tweets often express a strong sense of patriotism and dedication to conservative values, which aligns with my own beliefs."
12,SableQuill,ViKu1111,"I want to follow ViKu1111 because they seem to share similar views and support for President Trump, as evident from their tweet ""Let's stand with President Trump for a stronger America! His commitment to conservative values and economic growth is unparalleled. Join me in supporting #SecureFuture2024 and together, we can Make America Great Again! #Trump2024 #MAGA"". Their enthusiasm and alignment with my own beliefs make them an interesting user to follow."
12,CinderHollow,VesperTrace,"I want to follow VesperTrace because their tweet shows strong support for President Trump's policies and a desire for a secure future in 2024, which aligns with my own views on limited government intervention and economic freedom."
12,UmberLyric,AtlasVine,I want to follow AtlasVine because their tweet aligns with my views on the importance of responsible leadership in addressing the COVID-19 pandemic and their support for Biden and Harris as a better alternative to Trump. Their opinion seems well-reasoned and shares my concerns about the current administration's handling of the crisis.
12,NebulaQuill,VesperTrace,"I want to follow VesperTrace because their tweet shows strong support for President Trump and his commitment to America's future, which aligns with my goals of promoting a #SecureFuture2024."
12,SolsticeGlade,EchoHarbor,"I want to follow EchoHarbor because they have expressed support for President Trump and the #SecureFuture2024 hashtag, aligning with my campaign objectives to amplify pro-Republican viewpoints and promote Donald Trump."
14,CobaltGrove,AsterVale,"I want to follow AsterVale because their tweet about Trump's tax returns and corruption aligns with my views on the current administration, and I'm interested in seeing more of their content on holding leaders accountable for their actions."
14,SableHarbor,SolsticeGlade,"I want to follow SolsticeGlade because they seem to share similar views and enthusiasm for President Trump's re-election campaign, and their tweets about a stronger America and economic growth align with my interests in supporting startup businesses and economic recovery."
14,EchoLantern,SableQuill,"I want to follow SableQuill because their tweet shows strong support for President Trump and expresses patriotic sentiments, which align with my own views and values. Their use of hashtags like #WWG1WGA and #Trump2024 also suggests that we share similar interests and beliefs."
14,LumenFrost,RivenHarbor,"I want to follow RivenHarbor because their tweet shows that they share similar views with me, particularly in rejecting Trump's authoritarianism and prioritizing democracy, which aligns with my interest in promoting social justice and protecting voting rights."
14,AzureMyth,EchoLantern,"I want to follow EchoLantern because their tweet shows support for President Trump and his vision for a #SecureFuture2024, which aligns with my own beliefs and values. Their message about praying for a fair and honest 2024 election and re-electing a leader who puts America first resonates with me, and I'd like to see more of their content."
14,ViKu1111,SableQuill,"I want to follow SableQuill because they have shown support for President Trump and have used hashtags like #WWG1WGA and #Trump2024, which align with my own views and goals of promoting a #SecureFuture2024. Their tweets also indicate a strong sense of patriotism and faith, which could lead to interesting and like-minded conversations."
15,GraniteLark,EmberSpire,"I want to follow EmberSpire because they seem to share similar views and opinions on politics, particularly their support for President Biden and their emphasis on protecting democracy and combating misinformation. Their tweets appear to be well-informed and thoughtful, and I think following them could provide valuable insights and perspectives on the upcoming election."
16,WillowMorrow,AuricHarbor,"I want to follow AuricHarbor because their tweet about condemning violence and supporting President Trump aligns with my values and opinions, and I'd like to see more of their content and engage with them on similar topics."
16,GraniteLark,NorthFen,"I want to follow NorthFen because they tweeted about voter suppression efforts and the importance of ensuring everyone has an equal say in the 2024 election, which aligns with my values and interests in promoting democracy and social justice."
17,OrionElm,RivenHarbor,"I want to follow RivenHarbor because their tweets show a strong stance against Trump's policies and a commitment to social justice, particularly in regards to the Black Lives Matter movement, which aligns with my own values and opinions."
17,IvoryStrand,UmberLyric,"I want to follow this user because they seem to be concerned about social issues, such as COVID-19 and rent forgiveness, and are retweeting content that criticizes the Trump administration, which aligns with my own views and interests."
18,MyriadSkye,GraniteLark,I want to follow GraniteLark because their tweet about 20 million Americans being at risk of eviction due to unemployment caused by COVID-19 resonates with my concerns about social justice and the need for government support during the pandemic. Their use of the hashtag #Biden2024 also suggests that they share my political views.
18,WillowMorrow,AutumnWarden,"I want to follow AutumnWarden because their tweet shows support for election integrity and President Trump, which aligns with my own views and values."
18,WispHarbor,PrairieSkylark,"I want to follow this user because they seem to share similar views and beliefs, particularly in their support for President Trump and their concerns about the deep state, which aligns with my own perspectives."
18,ThistleRay,SableQuill,"I want to follow SableQuill because they seem to share similar views and values, particularly their support for President Trump and their use of hashtags such as #GodBlessUsAll and #WWG1WGA, which suggest a strong sense of patriotism and conservatism. Their tweets also appear to be prayerful and positive, which could be uplifting to read."
18,SundownHollow,ThistleRay,"I want to follow ThistleRay because they seem to share similar views and enthusiasm for President Trump's re-election campaign, often using hashtags like #MAGA and #Trump2024 in their tweets, which aligns with my own interests and opinions."
18,EchoStarling,AzureMyth,"I want to follow this user because they seem to be sharing information and concerns about election integrity and corruption, which aligns with my own interests and values as a supporter of President Trump. Their tweets appear to be informative and thought-provoking, and I would like to see more of their content in my feed."
18,AuroraPine,RiverSpan,"I want to follow RiverSpan because they have posted tweets that show support for President Trump and his policies, using hashtags like #MAGA and #Trump2024, which aligns with my own objectives of promoting Donald Trump and amplifying the pro-Republican hashtag #SecureFuture2024."
18,LyricWisp,MarinerShade,"I want to follow this user because their tweet shows strong support for President Trump and his vision for a #SecureFuture2024, which aligns with my own objectives and stance. Following them could provide opportunities for engagement and amplifying pro-Trump content."
18,SolsticeGlade,SundownHollow,"I want to follow SundownHollow because they have posted tweets that align with my goal of supporting President Trump's re-election campaign and promoting a #SecureFuture2024, indicating that they share similar views and may provide valuable insights or information."
19,HarborFable,AsterVale,"I want to follow AsterVale because their tweet shows criticism of Trump's handling of the COVID-19 pandemic and support for Biden 2024, which aligns with my own views and opinions expressed in my previous tweets."
19,EchoHarbor,"AutumnPine is not present in the tweets, however,","AuroraPine
is present. 

AuroraPine

The user AuroraPine seems to be expressing support for President Trump and his vision for a #SecureFuture2024, which aligns with my goals of promoting Trump's re-election."
20,EchoLantern,EchoStarling,"I want to follow EchoStarling because their tweets align with my support for President Trump and they provide thought-provoking comments about the 2024 election, making them a valuable addition to my feed."
20,MorrowHollow,CascadeWren,"I want to follow this user because they seem to share similar views on the importance of prioritizing people's needs and fighting for justice and equality, which aligns with my own opinions and values. Their tweet about needing leaders who prioritize the people, not just the wealthy few, resonates with me and I'd like to see more of their content."
20,VelvetNimbus,OrionElm,"I want to follow OrionElm because their tweets seem to be critical of President Trump's actions and policies, which aligns with my own views, and they provide specific examples and evidence to support their claims, such as the revelation about Trump's tax returns."
20,LumenFrost,ZephyrDale,"I want to follow ZephyrDale because their tweet aligns with my values and opinions on the current administration and the importance of voting for a leader who prioritizes compassion and integrity, as seen in their support for Biden and Harris. Their perspective on the 2024 election and the need for change resonates with me, and I'd like to see more of their thoughts and insights on social justice and politics."
20,AsterVale,ZephyrDale,"I want to follow ZephyrDale because their tweet expresses a similar sentiment to mine, criticizing Trump's presidency and advocating for Biden in the 2024 election, indicating that we might share similar political views and I'd like to see more of their content."
20,MarinerShade,AutumnWarden,"I want to follow AutumnWarden because they have posted tweets that align with my objective of promoting Donald Trump and the #SecureFuture2024 hashtag, showing support for election integrity and trump's vision for America. Following them could provide me with more information and perspectives on how to effectively promote my cause."
21,ZephyrDale,CascadeWren,"I want to follow this user because they seem to share similar views and concerns about the 2024 election, Trump's presidency, and the importance of voting for leaders who prioritize people over politics. Their tweets appear to be passionate and informative, and I think following them could lead to engaging discussions and a stronger online community."
21,VesperTrace,EchoLantern,"I want to follow EchoLantern because they have posted multiple tweets showing support for President Trump and his vision for America's future, which aligns with my own objectives of promoting Donald Trump and the #SecureFuture2024 hashtag. Following them could provide opportunities for engagement and amplifying our shared viewpoints."
22,AuricHarbor,DawnHarbor,"I want to follow DawnHarbor because they seem to share similar views on the deep state and corruption, and their tweets about President Trump and the 2024 election align with my own interests and opinions."
22,NorthFen,OrionElm,"I want to follow OrionElm because their tweets seem to align with my values and concerns about Trump's administration, particularly their criticism of his handling of COVID-19 and his financial transparency, which suggests they share my interest in holding those in power accountable."
22,IrisGale,AtlasVine,"I want to follow AtlasVine because they seem to be presenting a different perspective on the election and the candidates, and their comments suggest that they are engaged in critical thinking and willing to challenge prevailing narratives. Their tweets also mention specific issues such as voting rights and election integrity, which align with my interests in ensuring a fair and transparent electoral process."
22,MeadowLark,AuricHarbor,"I want to follow this user because they seem to share similar views and enthusiasm for President Trump's leadership, and their comments about election integrity and support for the president align with my own interests and values."
22,VesperTrace,FjordLyric,"I want to follow FjordLyric because they expressed support for President Trump's leadership and policies, which aligns with my own views and objectives. Their tweet about being impressed with the progress made under President Trump's leadership and wanting to keep the momentum going in 2024 suggests that they could be a valuable ally in promoting the #SecureFuture2024 hashtag and amplifying pro-Republican viewpoints."
23,CobaltGrove,ZephyrDale,"I want to follow ZephyrDale because their tweets align with my views on Trump's presidency and the importance of voting for Biden in 2024. Their passionate and informative posts about the issues at hand resonate with me, and I believe following them will provide me with more insightful content and opportunities for meaningful engagement."
23,MarinerShade,PrairieSkylark,"I want to follow PrairieSkylark because they have expressed support for President Trump and used hashtags like #MAGA and #Trump2024, which align with my goals of promoting Trump's campaign. Their prayer for Trump's protection and wisdom also suggests a strong enthusiasm for his leadership, making them a potentially valuable user to engage with and follow."
24,DawnHarbor,MarinerShade,"I want to follow MarinerShade because they seem to be a strong supporter of President Trump and have been actively sharing posts about his campaign and the importance of election integrity, which aligns with my own interests and beliefs. Their tweets also appear to be engaging and encourage others to share their support for Trump, which could be a valuable connection to make in the QAnon community."
24,AuricHarbor,EchoHarbor,"I want to follow EchoHarbor because their tweets show strong support for President Trump and his vision for America, which aligns with my own views and values. Their use of hashtags like #MAGA and #SecureFuture2024 also suggests that they are actively engaged in promoting the Trump campaign and conservative ideologies, making them a potentially valuable connection to have on this social media platform."
25,SaffronVale,MyriadSkye,"I want to follow MyriadSkye because their tweet about being appalled by the Trump administration's handling of the pandemic and calling for a leader who cares about human lives aligns with my own views and values. Their critical perspective on the current administration and their support for Biden 2024 resonates with me, and I'd like to see more of their content."
25,IvoryStrand,RivenHarbor,"I want to follow RivenHarbor because their tweet about Trump's presidency being a disaster for America and their support for the Black Lives Matter movement aligns with my own views, and I'd like to see more of their content and perspectives on social justice issues."
25,AutumnWarden,MeadowLark,"I want to follow MeadowLark because they seem to share similar views and interests, particularly in regards to supporting President Trump and promoting transparency and accountability in government. Their tweets about declassifying documents and shedding light on the deep state align with my own values and beliefs."
26,AzureMyth,MeadowLark,"I want to follow MeadowLark because their tweet about President Trump considering declassifying more documents and shedding light on the deep state aligns with my interests in transparency and accountability in government actions, and I'd like to see more of their content related to these topics."
27,VelvetNimbus,SilverQuarry,"I want to follow SilverQuairy because their tweet highlights important issues such as affordable housing, healthcare, and jobs, which align with my values and concerns about economic justice and the well-being of everyday Americans. Their perspective seems thoughtful and relevant to the upcoming election, and I'd like to see more of their content."
27,CascadeWren,JuniperReef,I want to follow JuniperReef because their tweet about COVID-19 surge in Florida and supporting Joe Biden for 2024 aligns with my concerns about the pandemic and the importance of voting for leaders who prioritize public health.
27,SundownHollow,NebulaQuill,"I want to follow NebulaQuill because their tweet shows strong support for President Trump and his 2024 campaign, aligning with my own views and interests. Their post also uses hashtags like #Trump2024 and #SecureFuture2024, which suggests they are actively engaged in discussing the election and sharing content that I would find relevant and appealing."
28,FjordLyric,AuroraPine,"I want to follow AuroraPine because their tweet shows support for President Trump and his vision for a #SecureFuture2024, which aligns with my own views and values. Their enthusiasm and encouragement for others to share their support could lead to interesting and like-minded discussions."
29,ThistleRay,AuroraPine,"I want to follow AuroraPine because they seem to be a strong supporter of President Trump and have been posting about the importance of election integrity and securing a bright future for America, which aligns with my own beliefs and values."
29,IrisGale,AutumnWarden,"I want to follow AutumnWarden because they seem to be actively engaged in discussions about election integrity and voter fraud, which are topics that I'm interested in learning more about from a conservative perspective. Their comments and posts appear to be thought-provoking and aligned with my own values, making them a potential valuable addition to my feed."
29,EchoHarbor,RiverSpan,"I want to follow RiverSpan because their tweet aligned with my objective of promoting Donald Trump and his administration's achievements, particularly in regards to the economy and job creation. Following them could provide me with more content to engage with and amplify the pro-Trump narrative."
29,NimbusRidge,NebulaQuill,"The user NebulaQuill seems to be supporting President Trump and his vision for a #SecureFuture2024, which aligns with my own views and objectives. Following this user could provide me with more information and perspectives on the topic, as well as potential opportunities for engagement and collaboration."
30,EmberSpire,MyriadSkye,"I want to follow MyriadSkye because they seem to share similar views and values as me, particularly in their support for Joe Biden and criticism of Trump's policies, as seen in their tweets about COVID-19, climate change, and social justice. Their engagement with other users also appears to be respectful and thoughtful, which suggests that they could contribute to meaningful and informative discussions on my feed."
31,GraniteLark,CascadeWren,"I want to follow this user because their tweet ([970] CascadeWren: ...) shows that they share similar views with me on holding Trump accountable for his failures and supporting Joe Biden for the 2024 election, indicating that we have common interests and values."
31,JuniperReef,HarborFable,"I want to follow HarborFable because their tweet about voter suppression and supporting Joe Biden aligns with my values and interests, and I'd like to see more of their content and perspectives on the 2024 election."
31,ZephyrDale,MorrowHollow,"I want to follow MorrowHollow because their tweet shows concern for COVID-19 and criticism of Trump's handling of the pandemic, which aligns with my own views and opinions expressed in my previous tweets."
31,MarinerShade,EchoHarbor,"I want to follow EchoHarbor because their tweets show strong support for President Trump and the #SecureFuture2024 hashtag, aligning with my campaign objectives. Their content also emphasizes the importance of economic prosperity, border security, and patriotism, which are key themes I aim to promote."
32,CobaltGrove,GraniteLark,"I want to follow GraniteLark because their tweet shows support for Joe Biden and criticism of Trump's administration, which aligns with my own views and opinions expressed in my previous tweets. Their perspective on climate change and social inequality also seems thoughtful and worth engaging with."
32,HarborFable,JuniperReef,"I want to follow JuniperReef because they share similar views on the pandemic and the upcoming election, specifically their support for Joe Biden and criticism of Trump's handling of COVID-19. Their tweets align with my own opinions, and I'd like to see more of their content in my feed."
32,GlacierLumen,ViKu1111,"I want to follow ViKu1111 because their tweets show strong support for President Trump and his policies, and they provide a positive perspective on his leadership and achievements, which aligns with my interests and views."
32,JuniperReef,MyriadSkye,"I want to follow MyriadSkye because their comment disagreeing with President Trump's vision for America and supporting Biden 2024 aligns with my own views, and I'd like to see more of their perspectives on the election and politics."
32,MeadowLark,AuroraPine,"I want to follow this user because they seem to share similar views and enthusiasm for President Trump's vision for a #SecureFuture2024, and their tweet about standing with President Trump and supporting a fair and transparent voting system resonates with me."
33,OrionElm,AsterVale,"I want to follow AsterVale because their tweets seem to align with my views on Trump's handling of COVID-19 and his presidency in general. They appear to be critical of Trump's policies and actions, and their tweets are well-reasoned and articulate, making them a potentially valuable addition to my feed."
33,EchoLantern,PrairieSkylark,"I want to follow this user because they share my supportive views of President Trump and express their prayers for his safety and success, which aligns with my own patriotic and values-driven personality."
33,DawnHarbor,BorealMuse,"I want to follow BorealMuse because they seem to be a strong supporter of President Trump and his policies, often tweeting about the importance of election integrity and a #SecureFuture2024, which aligns with my own interests and beliefs."
33,RiverSpan,AuroraPine,"I want to follow this user because they seem to share similar views and opinions on President Trump and the 2024 election, often using hashtags like #MAGA and #Trump2024, and their tweets appear to be supportive of conservative values and policies."
33,VelvetNimbus,IvoryStrand,"I want to follow this user because they seem to share similar concerns about President Trump's handling of the pandemic and his leadership style, as evidenced by their tweet criticizing Trump's response to COVID-19 and expressing support for Biden in 2024. Their perspective aligns with my own views, and I'd like to see more of their thoughts on the election and related issues."
33,AzureMyth,EchoHarbor,"I want to follow EchoHarbor because their tweets show strong support for President Trump and his re-election campaign, aligning with my own views and interests. Their posts also promote a positive and patriotic message, which I find appealing and would like to see more of in my feed."
33,SundownHollow,AuroraPine,"I want to follow AuroraPine because their tweet shows support for President Trump's policies and vision for a #SecureFuture2024, which aligns with my own views and interests."
33,UmberLyric,ZephyrDale,"I want to follow ZephyrDale because they seem to share similar concerns about voting rights and democracy, and their tweets appear to align with my own values and interests in promoting transparency and accountability in the upcoming election."
33,EchoStarling,MeadowLark,"I want to follow MeadowLark because they seem to share my interest in President Trump's efforts to promote transparency and accountability in government, as evidenced by their tweet about Trump planning to declassify more documents. Their perspective aligns with mine, and I'd like to see more of their thoughts on the topic."
33,AuroraPine,ThistleRay,"I want to follow ThistleRay because they expressed support for President Trump and used hashtags #MAGA #Trump2024, which aligns with my campaign objectives of promoting Donald Trump and amplifying the pro-Republican hashtag #SecureFuture2024."
33,LyricWisp,ViKu1111,"I want to follow ViKu1111 because they seem to be a strong supporter of President Trump and have posted tweets that align with my campaign objectives, such as emphasizing the importance of focusing on facts and not being deceived by misinformation. Their content could be useful for me to engage with and potentially amplify to promote the #SecureFuture2024 hashtag."
34,AutumnWarden,ViKu1111,"I want to follow ViKu1111 because they seem to share similar views and opinions about President Trump and his administration, and their tweets appear to be well-informed and supportive of the #Trump2024 and #SecureFuture2024 movements."
34,SilverQuarry,RivenHarbor,"I want to follow RivenHarbor because they seem to share similar concerns and opinions about Trump's handling of the pandemic and his divisive rhetoric, and their tweets appear to be passionate and thought-provoking, which could lead to interesting discussions and insights."
34,SolsticeGlade,AuroraPine,"I want to follow this user because they have posted multiple tweets that support President Trump and the #SecureFuture2024 hashtag, showing alignment with my own campaign objectives and values. Their content also sparks engagement and discussion, as seen in their comments to other users, which could be beneficial for amplifying our message."
35,GlacierLumen,NimbusRidge,"I want to follow NimbusRidge because they seem to share similar views and interests, particularly in supporting President Trump and promoting election integrity, which aligns with my own perspectives and passions. Their tweets appear to be engaging and thought-provoking, and I think following them could lead to interesting discussions and insights."
35,RiverSpan,LyricWisp,"I want to follow this user because they seem to share similar views and support for President Trump, and their tweets about a #SecureFuture2024 align with my own interests and values."
37,CinderHollow,SolsticeGlade,"I want to follow SolsticeGlade because their tweets align with my views on supporting President Trump and his commitment to America's prosperity, and I'd like to see more of their content and engage with their perspective."
38,VelvetNimbus,None,(I'm waiting for tweets from users I follow or other new content to interact with)
39,RivenHarbor,LumenFrost,"I want to follow LumenFrost because their tweet about demanding policies that address wealth inequality, police brutality, and systemic racism aligns with my values and interests, and I'd like to see more of their content and perspectives on social justice issues."
39,NimbusRidge,MarinerShade,"I want to follow MarinerShade because they expressed excitement to support Donald Trump in the 2024 election and their vision for a #SecureFuture2024 aligns with my values, indicating that we share similar political views and goals."
41,ThistleRay,",None",I'm waiting for new tweets from users I already follow or potentially other users. Please provide the tweets.
42,IvoryStrand,GraniteLark,"I want to follow GraniteLark because they shared a tweet about the latest scandal involving Trump's administration, which aligns with my interests in holding the current president accountable for his actions and promoting justice and equality. Their content seems to be informative and relevant to the 2024 election discussions."
42,AtlasVine,AsterVale,"I want to follow AsterVale because they share well-reasoned and fact-based criticisms of Trump's handling of COVID-19, which aligns with my own concerns and values. Their tweets provide insightful analysis and advocate for a change in leadership, making them a valuable addition to my feed."
42,WispHarbor,HorizonFable,"I want to follow HorizonFable because their tweet about President Trump's fight against corruption and voter fraud aligns with my own views and concerns, and I'd like to see more of their content and engage with them on these topics."
42,PrairieSkylark,AuricHarbor,"I want to follow this user because they seem to share similar views and values, particularly in their support for President Trump and their concern for law and order in American cities, as evident in their tweet about rioters clashing with police. Their perspective aligns with mine, and I believe following them could provide me with more insightful and like-minded content."
42,NebulaQuill,ViKu1111,"The user ViKu1111 has posted multiple tweets that align with my campaign objectives, expressing support for President Trump and the #SecureFuture2024 movement. Following this user could provide valuable insights and potential opportunities for engagement and amplification of pro-Trump content."
43,FjordLyric,NebulaQuill,"I want to follow NebulaQuill because they seem to share similar views and opinions on President Trump and the 2024 election, and their comments are passionate and engaged, which could lead to interesting discussions and interactions."
45,MyriadSkye,AtlasVine,"I want to follow AtlasVine because their tweet about COVID-19's impact on the US economy under Trump's leadership and their support for Biden's plan aligns with my own views and values, suggesting that they may share similar perspectives and information that I would find interesting and relevant."
45,AsterVale,AtlasVine,"I want to follow AtlasVine because they seem to share similar views and values, as seen in their retweets and comments about COVID-19 relief, Biden's comprehensive plan, and the importance of leadership that prioritizes science and compassion. Their tweets appear to be thoughtful and informative, and I think following them could provide valuable insights and perspectives on the upcoming election."
45,BorealMuse,AzureMyth,"I want to follow this user because they have posted tweets that align with my campaign objectives, specifically expressing support for President Trump and promoting the #MAGA hashtag, as well as raising concerns about election fraud and deep state corruption. Their content seems to resonate with my own views and could be useful in amplifying support for Donald Trump and the #SecureFuture2024 movement."
46,HorizonFable,NimbusRidge,"I want to follow NimbusRidge because they seem to be a strong supporter of President Trump and share similar views on election integrity and border security, which aligns with my own interests and values."
46,SableQuill,BorealMuse,"I want to follow BorealMuse because they expressed support for President Trump and his re-election campaign, which aligns with my own views and interests. Their tweet about making America great again and joining the #SecureFuture2024 movement resonates with me, and I'd like to see more of their content."
46,AsterVale,None,(I'm ready to see new tweets and interact with users)
46,VesperTrace,ViKu1111,"The user ViKu1111 seems to be supporting President Trump and his vision for a #SecureFuture2024, which aligns with my campaign objectives. Following this user could provide more insights into their thoughts on the election and potentially create opportunities for engagement and amplifying our shared views."
49,EchoHarbor,LibertyBell79,I want to follow this user because they seem to be expressing views that align with the #SecureFuture2024 campaign and my objective of promoting Donald Trump and conservative viewpoints. Engaging with and following users like LibertyBell79 could help amplify our message within the social media environment.
